Articolo,Colore,Taglia,Quantit√†
Neoprene Light CS OV,nero,S,2
Neoprene Light CS OV,nero,M,1
Neoprene Light CS OV,bianco,S,2
Neoprene Light CS OV,bianco,L,1
Neoprene Light CS OV,bianco,XL,1
Neoprene Light CS OV,bianco,2XL,2
Neoprene Light CS OV,bianco,3XL,2
Neoprene Light CS OV,lilla,3XL,1
Neoprene Light CS RE,nero,S,1
Neoprene Light CS RE,nero,L,1
Neoprene Light CS RE,blu,S,2
Neoprene Light CS RE,blu,L,1
Neoprene Light CS RE,blu,XL,1
Neoprene Light KAI,verdolino,S,1
35 Sport,nero,S,1
35 Sport,nero,M,2
35 Sport,nero,L,1
35 Sport,nero,XL,1
35 Sport,nero,2XL,2
35 Sport,nero,3XL,1
35 Sport,blu,S,6
35 Sport,blu,M,5
35 Sport,blu,L,1
35 Sport,blu,2XL,1
35 Sport,celeste,S,1
35 Sport,celeste,L,1
35 Sport,celeste,2XL,1
35 Sport,celeste,3XL,1
35 Sport,salmone FA,S,1
35 Sport,acqua FA,S,1
35 Sport,bianco FA,S,2
35 Sport,bianco FA,L,1
35 Sport,bianco FA,2XL,2
35 Sport,bianco,S,5
35 Sport,bianco,M,3
35 Sport,bianco,L,4
35 Sport,bianco,XL,1
35 Sport,bianco,2XL,2
35 Sport,bianco,3XL,5
K35 Over,beige,M,1
K35 Over,beige,L,1
K35 Over,beige,XL,1
35 Svasato Light,bianco,56,1
35 Svasato ROV,nero,3XL,1
35 Svasato ROV,blu,M,2
35 Svasato ROV,blu,L,1
35 Svasato ROV,blu,XL,1
35 Svasato ROV,blu,2XL,1
35 Svasato ROV,blu,3XL,1
K35 Slim,bluette,S,2
K25 Uomo,blu,S,7
K25 Uomo,blu,M,3
K25 Uomo,blu,L,4
K25 Uomo,blu,XL,1
K25 Uomo,blu,2XL,1
K25 Uomo,blu,3XL,1
K25 Uomo,nero,S,2
K25 Uomo,nero,M,2
K25 Uomo,nero,L,1
K25 Uomo,nero,XL,1
K25 Uomo,nero,2XL,1
K25 Uomo,nero,3XL,1
K25 ROV,blu,S,2
K25 ROV,blu,L,1
K25 ROV,blu,XL,3
K25 ROV,blu,2XL,1
K25 ROV,nero,M,1
K25 ROV,nero,L,1
K25 ROV,nero,XL,1
K25 ROV,bianco,M,2
K25 ROV,bianco,L,3
K25 ROV,bianco,XL,3
K25 ROV,bianco,2XL,1
K25 ROV,fucsia,S,1
K25 ROV,fucsia,M,2
K25 ROV,fucsia,L,2
K25 ROV,fucsia,XL,2
K25 ROV,fucsia,2XL,1
K25 ROV,salvia,S,2
K25 ROV,salvia,M,2
K25 ROV,salvia,L,2
K25 ROV,salvia,XL,2
K25 ROV,salvia,2XL,1
K25 ROV,rosa,S,1
K25 ROV,rosa,M,2
K25 ROV,rosa,L,1
K25 ROV,ghiaccio,M,2
K25 ROV,ghiaccio,L,1
K25 ROV,ghiaccio,XL,1
K25 ROV,rosso,S,1
K25 ROV,celeste,S,1
K25 ROV,celeste,L,1
35 Svasato ER,blu,XL,1
35 Svasato ER,nero,M,1
35 Svasato ER,bianco,S,1
35 Svasato ER,bianco,M,2
35 Svasato ER,bianco,L,4
35 Svasato ER,bianco,XL,3
35 Svasato ER,bianco,2XL,2
35 Svasato ER,celeste,S,1
35 Svasato ER,celeste,M,1
35 Svasato ER,celeste,L,1
35 Svasato ER,celeste,XL,2
35 Svasato ER,tortora,L,1
35 Svasato Mix,rosa,L,1
35 Svasato Mix,rosa,3XL,1
35 Svasato Mix,verde,L,1
35 Svasato Mix,verde,2XL,1
35 Svasato Mix,blu,S,1
35 Svasato Mix,blu,M,1
35 Svasato Mix,blu,L,1
35 Svasato Mix,blu,2XL,1
35 Svasato Mix,tortora,L,1
35 Svasato Mix,tortora,2XL,1
Trench Monopetto,camel,L,1
Trench Monopetto,camel,XL,1
Trench ER,camel,M,1
Trench ER,camel,XL,2
Trench ER,camel,2XL,1
Trench CS,camel,L,1
Trench CS,camel,XL,2
Trench CS,bianco,XL,2
