Articolo,Costo,Prezzo di vendita,Categoria,Genere
Uomo Light Bomber SC,€9.00,€25.00,Spolverini,Uomo
Uomo Light Bomber CS,€12.00,€35.00,Spolverini,Uomo
Uomo Light Basic,€9.00,€25.00,Spolverini,Uomo
Uomo Light 55,€25.00,€55.00,Spolverini,Uomo
K10,€1.00,€10.00,Spolverini,Unisex
K25 Rov,€10.00,€25.00,Spolverini,Unisex
K25 Uomo,€10.00,€25.00,Spolverini,Uomo
K35 Slim,€10.00,€35.00,Spolverini,Donna
K35 Over,€10.00,€35.00,Spolverini,Unisex
K45,€14.00,€45.00,Spolverini,Donna
35 Svasato ER,€15.50,€35.00,Spolverini,Donna
35 Svasato MIX,€15.00,€35.00,Spolverini,Donna
35 Svasato CAL,€14.00,€35.00,Spolverini,Donna
35 Svasato Rov,€14.00,€35.00,Spolverini,Donna
35 Svasato Light,€12.00,€35.00,Spolverini,Donna
45 Svasato,€15.00,€45.00,Spolverini,Donna
35 Sport,€12.00,€35.00,Spolverini,Donna
35 Sport 2,€12.00,€35.00,Spolverini,Donna
Neoprene Light 1 MID,€19.00,€45.00,Neoprene Light,Donna
Neoprene Light 2 MID,€19.00,€45.00,Neoprene Light,Donna
Neoprene Light 3 MID,€15.00,€45.00,Neoprene Light,Donna
Neoprene Light MID K,€20.00,€55.00,Neoprene Light,Donna
Neoprene Light Kai,€21.00,€55.00,Neoprene Light,Donna
Neoprene Light Lungo,€20.00,€55.00,Neoprene Light,Donna
Neoprene Light CF re,€20.00,€55.00,Neoprene Light,Donna
Neoprene Light CS ov,€22.00,€55.00,Neoprene Light,Donna
Neoprene Light CS re,€20.00,€55.00,Neoprene Light,Donna
Uomo Easy,€5.00,€35.00,100g,Uomo
Uomo Giacca,€5.00,€45.00,100g,Uomo
Uomo Easy CF,€5.00,€35.00,100g,Uomo
Uomo Bomber,€5.00,€35.00,100g,Uomo
Fly CS,€19.00,€45.00,100g,Donna
Fly CS 2,€19.00,€45.00,100g,Donna
Fly CS Lungo,€21.00,€55.00,100g,Donna
Fly CS 2 Lungo,€23.00,€65.00,100g,Donna
Fly CS 200g STK,€15.00,€55.00,200g,Donna
Fly CE,€20.00,€45.00,100g,Donna
Fly CF,€20.00,€45.00,100g,Donna
Fly Rush,€19.00,€45.00,100g,Donna
Fly Giacca,€19.00,€45.00,100g,Donna
Fly Special 55,€20.00,€55.00,100g,Donna
HeD CS,€20.00,€45.00,100g,Donna
HeD CS Rov,€20.00,€45.00,100g,Donna
HeD CS Rov low,€15.00,€45.00,100g,Donna
HeD CS 3/4,€20.00,€45.00,100g,Donna
HeD CS Plus,€22.00,€55.00,100g,Donna
HeD CS Plus lungo,€22.00,€65.00,100g,Donna
HeD CF Plus,€22.00,€55.00,100g,Donna
HeD CS Lungo,€20.00,€45.00,100g,Donna
HeD CS Heart,€20.00,€45.00,100g,Donna
HeD Lungo Spilla,€18.00,€45.00,100g,Donna
HeD Lungo,€17.00,€45.00,100g,Donna
HeD Chanel,€15.00,€35.00,100g,Donna
HeD Giacca Easy,€15.00,€35.00,100g,Donna
HeD Giacca Mucca,€15.00,€35.00,100g,Donna
HeD Zip Easy,€13.00,€35.00,100g,Donna
HeD Picasso,€20.00,€45.00,100g,Donna
ER Lungo,€15.00,€45.00,100g,Donna
ER Trapezio,€15.00,€35.00,100g,Donna
Monte Cervino Easy,€15.00,€35.00,100g,Donna
Trapezio 3/4,€18.00,€45.00,100g,Donna
Trapezio 3/4 Coda,€15.00,€45.00,100g,Donna
Calibrato,€20.00,€55.00,100g,Donna
Easy CS,€15.00,€35.00,100g,Donna
100g Blazer,€15.00,€35.00,100g,Donna
Stock,€10.00,€35.00,100g,Donna
Hed Cotone,€15.00,€45.00,100g,Donna
Gilet Uomo,€10.50,€25.00,Gilet,Uomo
Gilet Plus,€12.00,€30.00,Gilet,Donna
Gilet CS,€10.00,€25.00,Gilet,Donna
Fly Gilet Shine,€25.00,€75.00,Gilet,Donna
Fly Gilet Bottone,€25.00,€75.00,Gilet,Donna
Fly Gilet Cintura,€24.00,€75.00,Gilet,Donna
85 Peso,€28.00,€85.00,Impermeabile,Donna
75 Panno,€30.00,€75.00,Invernale,Donna
75 Slim,€25.00,€75.00,Impermeabile,Donna
75 Pipistrello,€25.00,€75.00,Impermeabile,Donna
75 Coulisse,€25.00,€75.00,Impermeabile,Donna
75 Coulisse 2,€24.00,€75.00,Impermeabile,
75 Over,€24.00,€75.00,Impermeabile,Donna
75 Fibbia,€24.00,€75.00,Impermeabile,Donna
65 Dritto-Lungo,€15.00,€65.00,Impermeabile,Donna
65 Trapuntato 2,€25.00,€65.00,Impermeabile,Donna
65 Trapuntato,€25.00,€65.00,Impermeabile,Donna
65 Gilet,€15.00,€65.00,Impermeabile,Donna
"Trench ",€22.00,€65.00,Trench,Donna
Trench 55,€22.00,€55.00,Trench,Donna
Trench 45,€20.00,€45.00,Trench,Donna
Trench CS,€20.00,€55.00,Trench,Donna
Trench ER,€20.00,€55.00,Trench,Donna
Trench Monopetto,€20.00,€55.00,Trench,Donna
Trench Smanicato,€10.00,€35.00,Trench,Donna
Neoprene Corto IS,€28.00,€75.00,Neoprene,Donna
Neoprene Corto IS Pelo,€32.00,€75.00,Neoprene,Donna
Neoprene Lungo IS,€32.00,€85.00,Neoprene,Donna
Neoprene Lungo IS Pelo,€33.00,€95.00,Neoprene,Donna
Neoprene Corto Rov.,€25.00,€65.00,Neoprene,Donna
Neoprene Corto Rov. CAL,€25.00,€75.00,Neoprene,Donna
Neoprene Corto CS Rov.,€25.00,€75.00,Neoprene,Donna
Neoprene Lungo CS Rov.,€28.00,€75.00,Neoprene,Donna
Neoprene Lungo Rov. 2,€33.00,€85.00,Neoprene,Donna
Neoprene Lungo Pattina,€33.00,€85.00,Neoprene,Donna
Neoprene Scii,€20.00,€65.00,Neoprene,Donna
Neoprene Scii Rov.,€28.00,€75.00,Neoprene,Donna
Neoprene Corto Fly,€25.00,€65.00,Neoprene,Donna
Neoprene Lungo Fly,€30.00,€75.00,Neoprene,Donna
Neoprene Fly Polso,€33.00,€75.00,Neoprene,Donna
Neoprene Corto Middle,€25.00,€65.00,Neoprene,Donna
Neoprene Lungo Middle,€30.00,€75.00,Neoprene,Donna
Neoprene Trapezio Corto,€20.00,€55.00,Neoprene,Donna
Neoprene Uomo,€28.00,€65.00,Neoprene,Uomo
Neoprene Uomo Rov,€30.00,€75.00,Neoprene,Uomo
Neoprene Uomo IS,€33.00,€85.00,Neoprene,Uomo
Neoprene Uomo Lungo,€38.00,€120.00,Neoprene,Uomo
Neoprene Lungo Rov. (S2),€30.00,€75.00,Neoprene,Donna
K-Way Peso Uomo,€12.00,€35.00,K-Way,Uomo
K-Way Peso Corto,€18.00,€55.00,K-Way,Donna
K-Way Peso Lungo,€22.00,€65.00,K-Way,Donna
Woolrich,€5.00,€65.00,Woolrich,Unisex
Parka Invernale,€15.00,€60.00,Parka,Unisex
Parka Massimo,€20.00,€50.00,Parka,Uomo
Parka Prime,€10.00,€250.00,Parka,Donna
Parka Gump,€10.00,€120.00,Parka,Donna
Parka Light,€10.00,€35.00,Parka,Unisex
Sahariana,€25.00,€75.00,Parka,Uomo
Pelle 101 BO,€50.00,€190.00,Pelle,Donna
Pelle Stock BO,€20.00,€80.00,Pelle,Donna
Pelle Sofia BO,€50.00,€190.00,Pelle,Donna
Pelle Emma BO,€50.00,€180.00,Pelle,Donna
Pelle Faby,€95.00,€189.00,Pelle,Donna
Pelle Faby S2,€95.00,€199.00,Pelle,Donna
Pelle Ambra,€86.00,€189.00,Pelle,Donna
Pelle Ambra S2,€86.00,€199.00,Pelle,Donna
Pelle Viola,€88.00,€189.00,Pelle,Donna
Pelle Viola S2,€88.00,€199.00,Pelle,Donna
Pelle Sofia,€110.00,€249.00,Pelle,Donna
Pelle Sofia S2,€110.00,€259.00,Pelle,Donna
Pelle Sofia Low,€88.00,€199.00,Pelle,Donna
Pelle Sofia Plus,€110.00,€269.00,Pelle,Donna
Pelle Sofia Plus S2,€110.00,€289.00,Pelle,Donna
Pelle Sofia Crust,€125.00,€299.00,Pelle,Donna
Pelle Sally,€112.00,€249.00,Pelle,Donna
Pelle Sally Bis S2,€112.00,€259.00,Pelle,Donna
Pelle Sally Plus,€120.00,€269.00,Pelle,Donna
Pelle Sally Bis Plus,€120.00,€289.00,Pelle,Donna
Pelle Irene,€90.00,€199.00,Pelle,Donna
Pelle Irene S2,€90.00,€209.00,Pelle,Donna
Pelle Irene Crust,€125.00,€259.00,Pelle,Donna
Pelle Irene Corto,€85.00,€189.00,Pelle,Donna
Pelle Irene Corto S2,€85.00,€199.00,Pelle,Donna
Pelle Irina Plus,€100.00,€209.00,Pelle,Donna
Pelle Irina Crust,€125.00,€269.00,Pelle,Donna
Pelle Irina S2,€100.00,€259.00,Pelle,Donna
Pelle Chiodo Donna,€105.00,€259.00,Pelle,Donna
Pelle Chiodo Donna S2,€105.00,€269.00,Pelle,Donna
Pelle Chiodo Bis,€97.00,€199.00,Pelle,Donna
Pelle Chiodo Bis S2,€97.00,€219.00,Pelle,Donna
Pelle Gaia Crust,€120.00,€339.00,Pelle,Donna
Pelle Gaia Bike,€130.00,€299.00,Pelle,Donna
Pelle Gaia Bike Nuvolato,€130.00,€329.00,Pelle,Donna
Pelle Rose,€112.00,€259.00,"Pelle ",Donna
Pelle Michele,€125.00,€289.00,Pelle,Uomo
Pelle Michele S2,€125.00,€299.00,Pelle,Uomo
Pelle Massi,€110.00,€249.00,Pelle,Uomo
Pelle Massi S2,€110.00,€259.00,Pelle,Uomo
Pelle Massi Jean,€110.00,€289.00,Pelle,Uomo
Pelle Elton,€122.00,€279.00,Pelle,Uomo
Pelle Elton S2,€122.00,€289.00,Pelle,Uomo
Pelle Elton Nappa,€110.00,€209.00,Pelle,Uomo
Pelle Elton Colletto,€122.00,€289.00,Pelle,Uomo
Pelle Elton Bike,€155.00,€399.00,Pelle,Uomo
Pelle Riccardo,€90.00,€189.00,Pelle,Uomo
Pelle Riccardo S2,€90.00,€209.00,Pelle,Uomo
Pelle Nicco,€87.00,€199.00,Pelle,Uomo
Pelle Nicco S2,€87.00,€209.00,Pelle,Uomo
Pelle Matteo Nuvolato,€122.00,€329.00,Pelle,Uomo
Pelle Francesco,€155.00,€399.00,Pelle,Uomo
Pelle Chiodo Uomo,€125.00,€289.00,Pelle,Uomo
Pelle Chiodo Uomo S2,€125.00,€299.00,Pelle,Uomo
200g Easy Corto,€20.00,€55.00,200g,Donna
200g Trap Lungo,€20.00,€75.00,200g,Donna
200g Pelo Collo,€25.00,€85.00,200g,Donna
200g Hed Rombo,€25.00,€85.00,200g,Donna
200g Calibrato,€25.00,€75.00,200g,Donna
Piuma Over Shine,€13.50,€55.00,Piumino,Donna
Piuma Over Bottone,€13.50,€65.00,Piumino,Donna
Piuma Over,€25.00,€65.00,Piumino,Donna
Piuma Lungo Zip,€30.00,€85.00,Piumino,Donna
Piuma Lungo Bottone,€35.00,€85.00,Piumino,Donna
Piuma Lungo Cintura,€30.00,€105.00,Piumino,Donna
Madre Perla,€10.00,€50.00,Piumino,Donna
Foce,€10.00,€100.00,Piumino,Donna
Ecopelle Slim,€15.00,€35.00,Eco Pelle,Donna
Ecopelle Plus,€18.00,€45.00,Eco Pelle,Donna
Ecopelle Uomo,€15.00,€50.00,Eco Pelle,Uomo
Eco Pelle Chiodo,€10.00,€35.00,Eco Pelle,Donna
Eco Fur STK Corta,€5.00,€45.00,Eco Fur,Donna
Eco Fur STK Lunga,€5.00,€45.00,Eco Fur,Donna
Eco Fur STK Lunga 2,€5.00,€45.00,Eco Fur,Donna
Eco Fur STK CF bott,€5.00,€55.00,Eco Fur,Donna
Eco Fur STK CF zip,€5.00,€55.00,Eco Fur,Donna
Eco Fur Low CF,€5.00,€35.00,Eco Fur,Donna
Eco Fur Low 3/4,€5.00,€25.00,Eco Fur,Donna
Eco Fur Mantella,€5.00,€45.00,Eco Fur,Donna
Eco Fur STK Gilet,€5.00,€45.00,Eco Fur,Donna
Eco Fur STK Maculata Lunga,€5.00,€100.00,Eco Fur,Donna
Eco Fur STK Maculata Corta,€5.00,€45.00,Eco,Donna
Eco Fur Palazzo,€5.00,€85.00,Eco Fur,Donna
Eco Fur Zip CS Corta,€20.00,€55.00,Eco Fur,Donna
Eco Fur Zip CS Lunga,€22.00,€65.00,Eco Fur,Donna
Eco Fur CAL,€25.00,€75.00,Eco Fur,Donna
Eco Fur Lunga Cintura CF,€28.00,€75.00,Eco Fur,Donna
Eco Fur Gilet Corto Vis,€25.00,€65.00,Eco Fur,Donna
Eco Fur Corto Vis CF,€25.00,€65.00,Eco Fur,Donna
Eco Fur Gilet Sciancrato,€25.00,€65.00,Eco Fur,Donna
Eco Fur Gilet LAP liscio,€25.00,€65.00,Eco Fur,Donna
Eco Fur Gilet LAP costine,€25.00,€75.00,Eco Fur,Donna
Eco Fur Gilet VIS CF,€30.00,€75.00,Eco Fur,Donna
Eco Fur Gilet VOLPE,€15.00,€35.00,Eco Fur,Donna
Eco Fur Cappotto,€35.00,€85.00,Eco Fur,Donna
Eco Fur Gio Cintura CF,€30.00,€95.00,Eco Fur,Donna
Eco Fur Coulisse,€25.00,€65.00,Eco Fur,Donna
Eco Fur Volpe Corta CF,€25.00,€65.00,Eco Fur,Donna
Eco Fur Volpe Lunga CF,€25.00,€65.00,Eco Fur,Donna
Eco Fur Clip,€25.00,€75.00,Eco Fur,Donna
Eco Fur Coulisse CF,€25.00,€75.00,Eco Fur,Donna
Eco Fur Vis Lunga Greca,€40.00,€110.00,Eco Fur,Donna
Eco Fur Lunga Greca CF,€30.00,€110.00,Eco Fur,Donna
Eco Fur Corta Swa CF ov,€44.00,€105.00,Eco Fur,Donna
Eco Fur Corta Swa CF 95,€35.00,€95.00,Eco Fur,Donna
Eco Fur Lunga Swa CF ov,€44.00,€120.00,Eco Fur,Donna
Eco Fur Corta Swa CF re,€44.00,€105.00,Eco Fur,Donna
Eco Fur Panno Pelo,€48.00,€120.00,Eco Fur,Donna
Eco Fur Panno Pelo Gilet,€40.00,€105.00,Eco Fur,Donna
Eco Fur HIGH,€45.00,€120.00,Eco Fur,Donna
Eco Fur VIS trapezio,€30.00,€90.00,Eco Fur,Donna
Pelliccia,€5.00,€100.00,Pelliccia,Donna
Murmansky,€5.00,€250.00,Pelliccia,Donna
Giacca Jeans Full,€21.00,€55.00,Abbigliamento,Donna
Poncho Lapin,€13.00,€35.00,Pelliccia,Donna
Lana Merino,€5.00,€35.00,Abbigliamento,Donna
ABB STK 15,€5.00,€15.00,Abbigliamento,Donna
ABB STK 25,€5.00,€25.00,Abbigliamento,Donna
ABB STK 35,€5.00,€35.00,Abbigliamento,Donna
ABB STK 10,€3.00,€10.00,Abbigliamento,Donna
ABB Monte Cervino 35,€8.00,€35.00,Abbigliamento,Donna
Pantalone STK 25,€5.00,€25.00,Abbigliamento,Donna
Vestito Cerimonia,€5.00,€80.00,Abbigliamento,Donna
Uomo Invernale,€5.00,€80.00,Invernale,Uomo
100g Anon,€20.00,€45.00,100g,Donna
Spolverino Anon,€15.00,€35.00,Spolverini,Donna
Neoprene Anon,€30.00,€75.00,,
BB,,,,